ID,first_name,last_name,email,Phone Number,ip_address
1,Patrick,Willis,pwillis0@yolasite.com,62-(674)495-7680,133.68.182.65
2,Joshua,Cook,jcook1@technorati.com,62-(630)857-5953,92.157.138.200
3,Mark,Lawson,mlawson2@toplist.cz,7-(972)605-0238,131.214.248.130
4,Harry,Gonzalez,hgonzalez3@tumblr.com,7-(307)795-4741,27.86.193.141
5,Martin,Rice,mrice4@simplemachines.org,92-(115)886-6645,106.92.14.175
6,Joseph,Torres,jtorres5@t.co,81-(448)404-4219,162.4.39.3
7,Michael,Watson,mwatson6@rakuten.co.jp,63-(781)295-6918,70.102.156.181
8,Raymond,Baker,rbaker7@booking.com,962-(516)511-2128,70.237.110.121
9,Melissa,Lane,mlane8@purevolume.com,52-(779)254-7589,103.208.34.164
10,Maria,Palmer,mpalmer9@nationalgeographic.com,86-(634)726-5887,30.193.108.255
